Date,AQI
2015-01-01,489.7
2015-01-02,243.3
2015-01-03,148.5
2015-01-04,423.3
2015-01-05,119.5
2015-01-06,120.7
2015-01-07,421.8
2015-01-08,487.3
2015-01-09,8
2015-01-10,275.2
2015-01-11,418.5
2015-01-12,69.7
2015-01-13,100.7
2015-01-14,374
2015-01-15,499.4
2015-01-16,261.6
2015-01-17,3.8
2015-01-18,104.3
2015-01-19,273.1
2015-01-20,38.1
2015-01-21,384.3
2015-01-22,22.1
2015-01-23,286.9
2015-01-24,105.6
2015-01-25,390.6
2015-01-26,319.9
2015-01-27,78.7
2015-01-28,92.9
2015-01-29,232
2015-01-30,493.9
2015-01-31,432.3
2015-02-01,211.4
2015-02-02,480.9
2015-02-03,235.7
2015-02-04,377.2
2015-02-05,6
2015-02-06,93.3
2015-02-07,173.3
2015-02-08,205
2015-02-09,64.4
2015-02-10,440.1
2015-02-11,367.5
2015-02-12,355.9
2015-02-13,330.6
2015-02-14,75
2015-02-15,52.2
2015-02-16,274.3
2015-02-17,125.1
2015-02-18,340.5
2015-02-19,290.1
2015-02-20,110.2
2015-02-21,253.4
2015-02-22,362.5
2015-02-23,13.2
2015-02-24,95.9
2015-02-25,227.2
2015-02-26,492.4
2015-02-27,160.5
2015-02-28,408.3
2015-03-01,464.8
2015-03-02,123.4
2015-03-03,225.8
2015-03-04,12.5
2015-03-05,275.8
2015-03-06,425.8
2015-03-07,204
2015-03-08,10.2
2015-03-09,498
2015-03-10,472.6
2015-03-11,246.5
2015-03-12,183.3
2015-03-13,316.6
2015-03-14,391.4
2015-03-15,486.2
2015-03-16,157.5
2015-03-17,289.5
2015-03-18,31.3
2015-03-19,360.9
2015-03-20,84.1
2015-03-21,440.6
2015-03-22,81.5
2015-03-23,299.1
2015-03-24,80.3
2015-03-25,380.6
2015-03-26,160.2
2015-03-27,41.5
2015-03-28,7.1
2015-03-29,202.1
2015-03-30,201.8
2015-03-31,490.5
2015-04-01,67.7
2015-04-02,16.6
2015-04-03,215.4
2015-04-04,435.6
2015-04-05,181.8
2015-04-06,392.7
2015-04-07,455.1
2015-04-08,96.6
2015-04-09,453.9
2015-04-10,128.7
2015-04-11,408
2015-04-12,112.3
2015-04-13,74.3
2015-04-14,397.1
2015-04-15,387.8
2015-04-16,478.1
2015-04-17,146
2015-04-18,360.4
2015-04-19,69.2
2015-04-20,44.1
2015-04-21,321.2
2015-04-22,138.1
2015-04-23,212.4
2015-04-24,448.5
2015-04-25,67
2015-04-26,273.6
2015-04-27,185.8
2015-04-28,40.6
2015-04-29,395.5
2015-04-30,397.5
2015-05-01,338
2015-05-02,261.1
2015-05-03,363.5
2015-05-04,236.3
2015-05-05,59.7
2015-05-06,416.8
2015-05-07,245.6
2015-05-08,386.8
2015-05-09,119.5
2015-05-10,409.1
2015-05-11,157.8
2015-05-12,80.5
2015-05-13,163.2
2015-05-14,421
2015-05-15,370.8
2015-05-16,184
2015-05-17,29
2015-05-18,23.6
2015-05-19,386.5
2015-05-20,415.1
2015-05-21,465.9
2015-05-22,155.6
2015-05-23,141.2
2015-05-24,301.2
2015-05-25,66.1
2015-05-26,97.8
2015-05-27,90.1
2015-05-28,86.8
2015-05-29,374.5
2015-05-30,419.1
2015-05-31,455.2
2015-06-01,429.8
2015-06-02,13.3
2015-06-03,40.6
2015-06-04,220.4
2015-06-05,403.5
2015-06-06,366.9
2015-06-07,453.3
2015-06-08,405.5
2015-06-09,370.8
2015-06-10,240.7
2015-06-11,98.3
2015-06-12,92.5
2015-06-13,193.6
2015-06-14,160.7
2015-06-15,409.3
2015-06-16,172.4
2015-06-17,194.8
2015-06-18,110.8
2015-06-19,203.8
2015-06-20,58.5
2015-06-21,50.5
2015-06-22,344.1
2015-06-23,404.7
2015-06-24,121.1
2015-06-25,449.7
2015-06-26,137
2015-06-27,390
2015-06-28,193.1
2015-06-29,210.7
2015-06-30,391.8
2015-07-01,115.4
2015-07-02,295.9
2015-07-03,436.6
2015-07-04,25.1
2015-07-05,451.4
2015-07-06,171
2015-07-07,250.8
2015-07-08,455.2
2015-07-09,404
2015-07-10,231.7
2015-07-11,311.6
2015-07-12,84.7
2015-07-13,105.1
2015-07-14,166.2
2015-07-15,179.8
2015-07-16,332.8
2015-07-17,200.3
2015-07-18,45.9
2015-07-19,22.3
2015-07-20,74.7
2015-07-21,257.9
2015-07-22,376.6
2015-07-23,432.7
2015-07-24,238.6
2015-07-25,163.7
2015-07-26,215.1
2015-07-27,40.7
2015-07-28,34.8
2015-07-29,70.5
2015-07-30,44.9
2015-07-31,35
2015-08-01,17.9
2015-08-02,433.2
2015-08-03,252.7
2015-08-04,346.2
2015-08-05,429
2015-08-06,178.4
2015-08-07,282.2
2015-08-08,230.6
2015-08-09,162.6
2015-08-10,184.6
2015-08-11,155.4
2015-08-12,491.4
2015-08-13,379
2015-08-14,152.6
2015-08-15,82.8
2015-08-16,484.1
2015-08-17,258.1
2015-08-18,415.1
2015-08-19,324.3
2015-08-20,426.6
2015-08-21,388.4
2015-08-22,314.6
2015-08-23,43.7
2015-08-24,112.9
2015-08-25,8.2
2015-08-26,314.4
2015-08-27,450.8
2015-08-28,68.4
2015-08-29,449
2015-08-30,436.2
2015-08-31,140.1
2015-09-01,222.4
2015-09-02,165
2015-09-03,135.6
2015-09-04,402.8
2015-09-05,241
2015-09-06,152.9
2015-09-07,210.5
2015-09-08,303.4
2015-09-09,289.7
2015-09-10,351.3
2015-09-11,227
2015-09-12,228.8
2015-09-13,221.3
2015-09-14,426.9
2015-09-15,97.7
2015-09-16,0.6
2015-09-17,193.9
2015-09-18,286.1
2015-09-19,329.1
2015-09-20,441.1
2015-09-21,44.7
2015-09-22,320.2
2015-09-23,121.6
2015-09-24,300.1
2015-09-25,144.5
2015-09-26,216.9
2015-09-27,132.6
2015-09-28,1.7
2015-09-29,187.8
2015-09-30,494.1
2015-10-01,229.2
2015-10-02,58.4
2015-10-03,5.6
2015-10-04,327.4
2015-10-05,64.7
2015-10-06,379.9
2015-10-07,106.4
2015-10-08,447.7
2015-10-09,98.1
2015-10-10,299.1
2015-10-11,88.9
2015-10-12,22.2
2015-10-13,123.3
2015-10-14,40.9
2015-10-15,352.7
2015-10-16,227.9
2015-10-17,61.8
2015-10-18,34
2015-10-19,451.8
2015-10-20,308.1
2015-10-21,151.6
2015-10-22,167.7
2015-10-23,273.7
2015-10-24,1.6
2015-10-25,286.9
2015-10-26,122.5
2015-10-27,464
2015-10-28,119.3
2015-10-29,288.7
2015-10-30,73.1
2015-10-31,412.6
2015-11-01,76.5
2015-11-02,50
2015-11-03,285.4
2015-11-04,239.7
2015-11-05,172.4
2015-11-06,371.8
2015-11-07,422.8
2015-11-08,394.9
2015-11-09,466.3
2015-11-10,433.1
2015-11-11,112.8
2015-11-12,69
2015-11-13,285.3
2015-11-14,479.2
2015-11-15,185.5
2015-11-16,311.6
2015-11-17,68.4
2015-11-18,123.8
2015-11-19,192.1
2015-11-20,389.1
2015-11-21,430.9
2015-11-22,289.8
2015-11-23,358.6
2015-11-24,273.8
2015-11-25,340.7
2015-11-26,462.9
2015-11-27,203.9
2015-11-28,260.1
2015-11-29,463.9
2015-11-30,365.6
2015-12-01,110.2
2015-12-02,311.9
2015-12-03,336.1
2015-12-04,204.5
2015-12-05,449.7
2015-12-06,82.8
2015-12-07,410.7
2015-12-08,440.8
2015-12-09,268.8
2015-12-10,315.7
2015-12-11,200.3
2015-12-12,383.3
2015-12-13,244.4
2015-12-14,496.5
2015-12-15,211.5
2015-12-16,429.2
2015-12-17,496.9
2015-12-18,411.9
2015-12-19,349.4
2015-12-20,399
2015-12-21,316.4
2015-12-22,125.9
2015-12-23,346.2
2015-12-24,35.1
2015-12-25,293.7
2015-12-26,425.1
2015-12-27,225
2015-12-28,238.6
2015-12-29,83.3
2015-12-30,1.4
2015-12-31,290.1
2016-01-01,40.8
2016-01-02,283.3
2016-01-03,449.8
2016-01-04,352.6
2016-01-05,22.1
2016-01-06,457.8
2016-01-07,366.9
2016-01-08,279
2016-01-09,179.9
2016-01-10,192.9
2016-01-11,71.3
2016-01-12,296.9
2016-01-13,183.4
2016-01-14,179.9
2016-01-15,208.7
2016-01-16,92.7
2016-01-17,427.8
2016-01-18,273.7
2016-01-19,233.5
2016-01-20,130.5
2016-01-21,283.6
2016-01-22,405.9
2016-01-23,234.3
2016-01-24,431.6
2016-01-25,84
2016-01-26,301.8
2016-01-27,357
2016-01-28,335.8
2016-01-29,423.7
2016-01-30,2.2
2016-01-31,316.3
2016-02-01,490.1
2016-02-02,402.9
2016-02-03,147.5
2016-02-04,332.3
2016-02-05,261.8
2016-02-06,210
2016-02-07,292.2
2016-02-08,14.3
2016-02-09,369.5
2016-02-10,219.6
2016-02-11,34.7
2016-02-12,293.6
2016-02-13,370.9
2016-02-14,469
2016-02-15,254.5
2016-02-16,441.4
2016-02-17,223.5
2016-02-18,31.1
2016-02-19,29.7
2016-02-20,46.6
2016-02-21,364.6
2016-02-22,171.2
2016-02-23,79.3
2016-02-24,74.8
2016-02-25,247.3
2016-02-26,476.7
2016-02-27,26.1
2016-02-28,9.9
2016-02-29,274.7
2016-03-01,446
2016-03-02,85.4
2016-03-03,381.3
2016-03-04,4.7
2016-03-05,498.7
2016-03-06,69.7
2016-03-07,100.1
2016-03-08,463.3
2016-03-09,143.5
2016-03-10,314.6
2016-03-11,411.6
2016-03-12,320.2
2016-03-13,292.2
2016-03-14,270.4
2016-03-15,197.2
2016-03-16,225.1
2016-03-17,299.1
2016-03-18,237.6
2016-03-19,415
2016-03-20,69.4
2016-03-21,242.8
2016-03-22,27.7
2016-03-23,47.8
2016-03-24,274.7
2016-03-25,488.2
2016-03-26,104.4
2016-03-27,259
2016-03-28,439.8
2016-03-29,435.3
2016-03-30,347.7
2016-03-31,260.8
2016-04-01,49.8
2016-04-02,98.2
2016-04-03,12.7
2016-04-04,472.5
2016-04-05,16.7
2016-04-06,53.9
2016-04-07,281.1
2016-04-08,320.7
2016-04-09,380.9
2016-04-10,149.2
2016-04-11,487.4
2016-04-12,264.7
2016-04-13,397.8
2016-04-14,25.7
2016-04-15,405.9
2016-04-16,300.7
2016-04-17,206.3
2016-04-18,445.6
2016-04-19,384.1
2016-04-20,417.4
2016-04-21,410.7
2016-04-22,206.7
2016-04-23,69.4
2016-04-24,64.2
2016-04-25,222.1
2016-04-26,1.2
2016-04-27,286.5
2016-04-28,476.1
2016-04-29,429.5
2016-04-30,404
2016-05-01,278.4
2016-05-02,127.3
2016-05-03,361.1
2016-05-04,113.6
2016-05-05,304.4
2016-05-06,368.5
2016-05-07,203.2
2016-05-08,431.6
2016-05-09,370.6
2016-05-10,181.3
2016-05-11,256.4
2016-05-12,139.4
2016-05-13,327.3
2016-05-14,437.1
2016-05-15,278.2
2016-05-16,83
2016-05-17,32.9
2016-05-18,259.3
2016-05-19,339.9
2016-05-20,472.5
2016-05-21,431.2
2016-05-22,462
2016-05-23,319.8
2016-05-24,369.8
2016-05-25,404
2016-05-26,413.6
2016-05-27,407.6
2016-05-28,472.8
2016-05-29,378.4
2016-05-30,97.9
2016-05-31,304.8
2016-06-01,278
2016-06-02,200.3
2016-06-03,435.2
2016-06-04,378.5
2016-06-05,482.1
2016-06-06,310
2016-06-07,287
2016-06-08,114.4
2016-06-09,491.6
2016-06-10,312.2
2016-06-11,483.1
2016-06-12,226.6
2016-06-13,395.2
2016-06-14,435.4
2016-06-15,314.9
2016-06-16,31.1
2016-06-17,127.4
2016-06-18,220.4
2016-06-19,33.7
2016-06-20,342.1
2016-06-21,356.6
2016-06-22,356.2
2016-06-23,188.8
2016-06-24,450.4
2016-06-25,188.2
2016-06-26,130.8
2016-06-27,300.5
2016-06-28,179.2
2016-06-29,445.7
2016-06-30,446.6
2016-07-01,457.5
2016-07-02,92.8
2016-07-03,26.9
2016-07-04,62.4
2016-07-05,180.1
2016-07-06,430.2
2016-07-07,399.2
2016-07-08,28.6
2016-07-09,28
2016-07-10,364.7
2016-07-11,297.4
2016-07-12,66.2
2016-07-13,456.4
2016-07-14,376.3
2016-07-15,458.8
2016-07-16,327.4
2016-07-17,395.8
2016-07-18,35.3
2016-07-19,480.8
2016-07-20,414.7
2016-07-21,276.4
2016-07-22,497.5
2016-07-23,399.6
2016-07-24,167.3
2016-07-25,389.8
2016-07-26,493.2
2016-07-27,312.2
2016-07-28,314.9
2016-07-29,470.5
2016-07-30,189.4
2016-07-31,69.6
2016-08-01,61.2
2016-08-02,171.5
2016-08-03,1.5
2016-08-04,46.1
2016-08-05,430.5
2016-08-06,480.7
2016-08-07,282.8
2016-08-08,337.7
2016-08-09,153.5
2016-08-10,220.6
2016-08-11,304.1
2016-08-12,313.8
2016-08-13,239.6
2016-08-14,4.5
2016-08-15,337.3
2016-08-16,347.4
2016-08-17,489.4
2016-08-18,474.9
2016-08-19,204
2016-08-20,302.4
2016-08-21,465.6
2016-08-22,29.5
2016-08-23,68.4
2016-08-24,132.4
2016-08-25,41.5
2016-08-26,436.1
2016-08-27,324.1
2016-08-28,417.8
2016-08-29,221.1
2016-08-30,282.9
2016-08-31,488.4
2016-09-01,393.2
2016-09-02,211
2016-09-03,398.6
2016-09-04,106.6
2016-09-05,35.4
2016-09-06,68.7
2016-09-07,276.9
2016-09-08,357.2
2016-09-09,395
2016-09-10,425.4
2016-09-11,186
2016-09-12,111
2016-09-13,169.5
2016-09-14,436.8
2016-09-15,104.1
2016-09-16,396.2
2016-09-17,385.8
2016-09-18,153.9
2016-09-19,196.9
2016-09-20,61
2016-09-21,174
2016-09-22,89.2
2016-09-23,144.4
2016-09-24,215.3
2016-09-25,16.8
2016-09-26,407.1
2016-09-27,323.9
2016-09-28,419.4
2016-09-29,499.8
2016-09-30,459.1
2016-10-01,239.8
2016-10-02,409.7
2016-10-03,265.6
2016-10-04,127.5
2016-10-05,293.8
2016-10-06,129.4
2016-10-07,39.6
2016-10-08,227.1
2016-10-09,123.6
2016-10-10,480.7
2016-10-11,65.9
2016-10-12,300.4
2016-10-13,57.9
2016-10-14,197.3
2016-10-15,495.9
2016-10-16,164.4
2016-10-17,365.4
2016-10-18,308.1
2016-10-19,113.1
2016-10-20,89.4
2016-10-21,313.6
2016-10-22,94.6
2016-10-23,22.4
2016-10-24,218.7
2016-10-25,191.7
2016-10-26,122.9
2016-10-27,377.8
2016-10-28,465.1
2016-10-29,452.5
2016-10-30,391.2
2016-10-31,380.4
2016-11-01,481.8
2016-11-02,230.9
2016-11-03,74.9
2016-11-04,142.2
2016-11-05,303.3
2016-11-06,240.5
2016-11-07,245.8
2016-11-08,420
2016-11-09,286.8
2016-11-10,258.8
2016-11-11,190.1
2016-11-12,139.7
2016-11-13,21.5
2016-11-14,487.2
2016-11-15,153.1
2016-11-16,180.7
2016-11-17,209.6
2016-11-18,337.7
2016-11-19,256.6
2016-11-20,18.1
2016-11-21,410.9
2016-11-22,44.5
2016-11-23,69.5
2016-11-24,237.5
2016-11-25,31.1
2016-11-26,50
2016-11-27,74.3
2016-11-28,45.2
2016-11-29,460.6
2016-11-30,429.3
2016-12-01,286
2016-12-02,174.3
2016-12-03,314
2016-12-04,81.5
2016-12-05,467.8
2016-12-06,102.9
2016-12-07,401.6
2016-12-08,230.2
2016-12-09,286.5
2016-12-10,298.4
2016-12-11,457.9
2016-12-12,258.2
2016-12-13,382.4
2016-12-14,316.6
2016-12-15,34
2016-12-16,305
2016-12-17,152.1
2016-12-18,81.4
2016-12-19,294.1
2016-12-20,160.9
2016-12-21,25.3
2016-12-22,214.9
2016-12-23,338
2016-12-24,164.6
2016-12-25,158.9
2016-12-26,357.9
2016-12-27,176.9
2016-12-28,163.1
2016-12-29,345.7
2016-12-30,41
2016-12-31,140.5
2017-01-01,98.5
2017-01-02,29.3
2017-01-03,233.7
2017-01-04,306.3
2017-01-05,89.1
2017-01-06,46.3
2017-01-07,375.1
2017-01-08,402
2017-01-09,339.2
2017-01-10,201.3
2017-01-11,318.6
2017-01-12,249.4
2017-01-13,83.3
2017-01-14,262.8
2017-01-15,309.3
2017-01-16,212.8
2017-01-17,332.2
2017-01-18,392.6
2017-01-19,392
2017-01-20,234.3
2017-01-21,276.1
2017-01-22,27.4
2017-01-23,133.2
2017-01-24,194.2
2017-01-25,409.9
2017-01-26,238.5
2017-01-27,153.8
2017-01-28,242.1
2017-01-29,497.1
2017-01-30,281.6
2017-01-31,38.3
2017-02-01,252.1
2017-02-02,280
2017-02-03,136
2017-02-04,73
2017-02-05,56
2017-02-06,65.8
2017-02-07,183.4
2017-02-08,399.2
2017-02-09,100.3
2017-02-10,54
2017-02-11,11.6
2017-02-12,60.7
2017-02-13,59.3
2017-02-14,238.1
2017-02-15,123.8
2017-02-16,124.5
2017-02-17,66.6
2017-02-18,45.2
2017-02-19,396.6
2017-02-20,319
2017-02-21,81.3
2017-02-22,110.2
2017-02-23,111.7
2017-02-24,145.9
2017-02-25,27.8
2017-02-26,289
2017-02-27,259.3
2017-02-28,324.7
2017-03-01,62.5
2017-03-02,196.2
2017-03-03,367.1
2017-03-04,488.1
2017-03-05,136.3
2017-03-06,339.1
2017-03-07,404
2017-03-08,398.2
2017-03-09,262
2017-03-10,185
2017-03-11,75.1
2017-03-12,391.8
2017-03-13,374.7
2017-03-14,448.1
2017-03-15,53.4
2017-03-16,6
2017-03-17,445.4
2017-03-18,401.8
2017-03-19,200.2
2017-03-20,128.9
2017-03-21,434.3
2017-03-22,335.7
2017-03-23,240.7
2017-03-24,191.7
2017-03-25,202.4
2017-03-26,331
2017-03-27,394
2017-03-28,222.8
2017-03-29,321.2
2017-03-30,188.2
2017-03-31,452.7
2017-04-01,14.6
2017-04-02,175.9
2017-04-03,223.3
2017-04-04,248.5
2017-04-05,166.8
2017-04-06,82.3
2017-04-07,9.7
2017-04-08,456.4
2017-04-09,112.1
2017-04-10,410.6
2017-04-11,5.1
2017-04-12,369.1
2017-04-13,109.8
2017-04-14,445.5
2017-04-15,36.9
2017-04-16,90.9
2017-04-17,428
2017-04-18,260
2017-04-19,114.9
2017-04-20,240.9
2017-04-21,433.3
2017-04-22,161.3
2017-04-23,334.5
2017-04-24,124.5
2017-04-25,409.7
2017-04-26,48.2
2017-04-27,332
2017-04-28,87.6
2017-04-29,240.2
2017-04-30,489.3
2017-05-01,168.9
2017-05-02,96.1
2017-05-03,35.4
2017-05-04,234.9
2017-05-05,158.5
2017-05-06,202
2017-05-07,483.4
2017-05-08,258.1
2017-05-09,324.8
2017-05-10,167.8
2017-05-11,221.5
2017-05-12,253.3
2017-05-13,183.2
2017-05-14,56.8
2017-05-15,401.1
2017-05-16,258.3
2017-05-17,276.3
2017-05-18,29
2017-05-19,17.2
2017-05-20,437.3
2017-05-21,448.6
2017-05-22,212.7
2017-05-23,137.6
2017-05-24,377.7
2017-05-25,298.5
2017-05-26,132.1
2017-05-27,48.1
2017-05-28,321.2
2017-05-29,99
2017-05-30,75.2
2017-05-31,27.1
2017-06-01,486.3
2017-06-02,411.1
2017-06-03,39.3
2017-06-04,217.3
2017-06-05,44.9
2017-06-06,456.5
2017-06-07,233.4
2017-06-08,380
2017-06-09,292.7
2017-06-10,464.3
2017-06-11,230.7
2017-06-12,311.9
2017-06-13,389.6
2017-06-14,337.5
2017-06-15,447.9
2017-06-16,370.1
2017-06-17,345.7
2017-06-18,35.7
2017-06-19,425.1
2017-06-20,413.8
2017-06-21,482.2
2017-06-22,352
2017-06-23,475.8
2017-06-24,303.8
2017-06-25,252.2
2017-06-26,498.1
2017-06-27,277.6
2017-06-28,73.9
2017-06-29,26
2017-06-30,44
2017-07-01,61.9
2017-07-02,390.5
2017-07-03,159.3
2017-07-04,94
2017-07-05,201.9
2017-07-06,455.3
2017-07-07,25.7
2017-07-08,278.8
2017-07-09,434.7
2017-07-10,495
2017-07-11,45.4
2017-07-12,233.1
2017-07-13,316.9
2017-07-14,132.1
2017-07-15,174.1
2017-07-16,78.4
2017-07-17,383.9
2017-07-18,475.6
2017-07-19,390.7
2017-07-20,34.5
2017-07-21,401.7
2017-07-22,391
2017-07-23,100.2
2017-07-24,256.1
2017-07-25,335
2017-07-26,48.8
2017-07-27,90.7
2017-07-28,362.9
2017-07-29,413.1
2017-07-30,401.9
2017-07-31,153.8
2017-08-01,484
2017-08-02,145.1
2017-08-03,442
2017-08-04,244.5
2017-08-05,94
2017-08-06,458.3
2017-08-07,14.4
2017-08-08,363
2017-08-09,345.3
2017-08-10,317.4
2017-08-11,339.7
2017-08-12,294.2
2017-08-13,74.9
2017-08-14,91.7
2017-08-15,432.5
2017-08-16,402.5
2017-08-17,369.1
2017-08-18,111.4
2017-08-19,263.8
2017-08-20,84.7
2017-08-21,327.7
2017-08-22,375.1
2017-08-23,289.8
2017-08-24,349.9
2017-08-25,176.2
2017-08-26,423.9
2017-08-27,56.7
2017-08-28,488.5
2017-08-29,135
2017-08-30,436.6
2017-08-31,174.1
2017-09-01,393
2017-09-02,228.6
2017-09-03,134.9
2017-09-04,182.5
2017-09-05,210.1
2017-09-06,442.9
2017-09-07,67
2017-09-08,495.9
2017-09-09,285.9
2017-09-10,285.7
2017-09-11,234.1
2017-09-12,267.8
2017-09-13,52
2017-09-14,463.7
2017-09-15,92.4
2017-09-16,24.7
2017-09-17,404.1
2017-09-18,97.7
2017-09-19,397.5
2017-09-20,173.8
2017-09-21,476.6
2017-09-22,15.4
2017-09-23,77.5
2017-09-24,325.7
2017-09-25,13.2
2017-09-26,15.6
2017-09-27,494.3
2017-09-28,65.7
2017-09-29,427.7
2017-09-30,64.5
2017-10-01,51.8
2017-10-02,152.8
2017-10-03,434.8
2017-10-04,135.4
2017-10-05,115.3
2017-10-06,409.9
2017-10-07,31
2017-10-08,100.2
2017-10-09,71.6
2017-10-10,498.3
2017-10-11,292.5
2017-10-12,48.6
2017-10-13,20.8
2017-10-14,69
2017-10-15,360.1
2017-10-16,421
2017-10-17,244.1
2017-10-18,462.3
2017-10-19,389.7
2017-10-20,208.4
2017-10-21,141.3
2017-10-22,130.3
2017-10-23,308.2
2017-10-24,177
2017-10-25,96.3
2017-10-26,155.3
2017-10-27,132.6
2017-10-28,80.7
2017-10-29,467.7
2017-10-30,462
2017-10-31,86.8
2017-11-01,424.2
2017-11-02,155.2
2017-11-03,39.7
2017-11-04,177.4
2017-11-05,188.5
2017-11-06,253.2
2017-11-07,389.9
2017-11-08,207.7
2017-11-09,31.6
2017-11-10,172.1
2017-11-11,467.7
2017-11-12,40.6
2017-11-13,85.1
2017-11-14,40
2017-11-15,403.4
2017-11-16,337.2
2017-11-17,163.5
2017-11-18,330
2017-11-19,198.5
2017-11-20,2.2
2017-11-21,497.8
2017-11-22,383.6
2017-11-23,143.3
2017-11-24,29.7
2017-11-25,367.9
2017-11-26,142.1
2017-11-27,41.6
2017-11-28,378.2
2017-11-29,330.5
2017-11-30,152.2
2017-12-01,290.6
2017-12-02,8.5
2017-12-03,34.3
2017-12-04,177.5
2017-12-05,448.8
2017-12-06,258.9
2017-12-07,435.2
2017-12-08,335.7
2017-12-09,10.4
2017-12-10,365.3
2017-12-11,434.5
2017-12-12,95.6
2017-12-13,366.6
2017-12-14,263.6
2017-12-15,116.1
2017-12-16,239.3
2017-12-17,283.8
2017-12-18,446.7
2017-12-19,436.6
2017-12-20,294.2
2017-12-21,343.4
2017-12-22,172.1
2017-12-23,453.4
2017-12-24,400.5
2017-12-25,58.9
2017-12-26,185.6
2017-12-27,142.4
2017-12-28,114.7
2017-12-29,493.8
2017-12-30,90.3
2017-12-31,311
2018-01-01,266.6
2018-01-02,302.6
2018-01-03,287.2
2018-01-04,253.9
2018-01-05,144.8
2018-01-06,12.3
2018-01-07,222.2
2018-01-08,307.7
2018-01-09,292.5
2018-01-10,217.5
2018-01-11,56
2018-01-12,214.3
2018-01-13,51
2018-01-14,192.9
2018-01-15,174.8
2018-01-16,374
2018-01-17,461.2
2018-01-18,272.6
2018-01-19,232.3
2018-01-20,308.4
2018-01-21,230.1
2018-01-22,112.9
2018-01-23,5.5
2018-01-24,400
2018-01-25,84.8
2018-01-26,261.4
2018-01-27,220
2018-01-28,33.5
2018-01-29,331.5
2018-01-30,202.7
2018-01-31,384.5
2018-02-01,453.5
2018-02-02,423.1
2018-02-03,33.6
2018-02-04,176.8
2018-02-05,361.3
2018-02-06,348
2018-02-07,235.6
2018-02-08,427.3
2018-02-09,283.7
2018-02-10,296.1
2018-02-11,269
2018-02-12,48.9
2018-02-13,16.7
2018-02-14,261.3
2018-02-15,456
2018-02-16,4.4
2018-02-17,183.4
2018-02-18,203.3
2018-02-19,38.4
2018-02-20,88.6
2018-02-21,112.7
2018-02-22,414.5
2018-02-23,47.1
2018-02-24,413.6
2018-02-25,181.1
2018-02-26,345
2018-02-27,234.1
2018-02-28,185.3
2018-03-01,488.3
2018-03-02,82.1
2018-03-03,253.4
2018-03-04,11.5
2018-03-05,8.1
2018-03-06,186.8
2018-03-07,229.6
2018-03-08,122.4
2018-03-09,27.6
2018-03-10,174.1
2018-03-11,86.8
2018-03-12,227.6
2018-03-13,380.7
2018-03-14,349.5
2018-03-15,325.1
2018-03-16,408.3
2018-03-17,242.3
2018-03-18,157
2018-03-19,13.9
2018-03-20,251.7
2018-03-21,364.9
2018-03-22,379
2018-03-23,170
2018-03-24,496.8
2018-03-25,338
2018-03-26,324.5
2018-03-27,394.4
2018-03-28,470
2018-03-29,262.2
2018-03-30,381.4
2018-03-31,273.5
2018-04-01,127.6
2018-04-02,247.8
2018-04-03,308.9
2018-04-04,69.9
2018-04-05,77.2
2018-04-06,327.5
2018-04-07,56.2
2018-04-08,496.1
2018-04-09,442.2
2018-04-10,231.4
2018-04-11,16.9
2018-04-12,5.4
2018-04-13,407.2
2018-04-14,251.1
2018-04-15,330.5
2018-04-16,440.3
2018-04-17,496.6
2018-04-18,80.4
2018-04-19,416.2
2018-04-20,201
2018-04-21,285.6
2018-04-22,230.4
2018-04-23,59.1
2018-04-24,196.3
2018-04-25,247.8
2018-04-26,458.1
2018-04-27,309.4
2018-04-28,237.4
2018-04-29,480.8
2018-04-30,225.8
2018-05-01,144
2018-05-02,307.8
2018-05-03,143.2
2018-05-04,121.5
2018-05-05,65
2018-05-06,378.2
2018-05-07,1
2018-05-08,287.4
2018-05-09,160.9
2018-05-10,171.1
2018-05-11,408.7
2018-05-12,412.7
2018-05-13,243.7
2018-05-14,109.7
2018-05-15,65.3
2018-05-16,360.6
2018-05-17,47
2018-05-18,213.8
2018-05-19,45.4
2018-05-20,155.9
2018-05-21,259.6
2018-05-22,174
2018-05-23,386
2018-05-24,346.9
2018-05-25,488.2
2018-05-26,473.6
2018-05-27,260
2018-05-28,167.4
2018-05-29,94.5
2018-05-30,185.2
2018-05-31,378.9
2018-06-01,119.5
2018-06-02,402.1
2018-06-03,3.5
2018-06-04,193.3
2018-06-05,278.1
2018-06-06,451.9
2018-06-07,58.5
2018-06-08,418.7
2018-06-09,489.7
2018-06-10,122.8
2018-06-11,479.8
2018-06-12,463.5
2018-06-13,426.9
2018-06-14,27.9
2018-06-15,439.6
2018-06-16,74.8
2018-06-17,487.4
2018-06-18,82
2018-06-19,59.8
2018-06-20,465.2
2018-06-21,319.3
2018-06-22,133.5
2018-06-23,412
2018-06-24,152.4
2018-06-25,216.6
2018-06-26,325.7
2018-06-27,243.3
2018-06-28,185.5
2018-06-29,412.5
2018-06-30,167.9
2018-07-01,55.4
2018-07-02,229.5
2018-07-03,217.4
2018-07-04,214
2018-07-05,158.9
2018-07-06,155
2018-07-07,319.1
2018-07-08,409.4
2018-07-09,98.3
2018-07-10,69.1
2018-07-11,426.5
2018-07-12,26
2018-07-13,225.3
2018-07-14,268.7
2018-07-15,240.5
2018-07-16,446.6
2018-07-17,94.1
2018-07-18,303.9
2018-07-19,311.8
2018-07-20,14.2
2018-07-21,88.6
2018-07-22,333.1
2018-07-23,67.9
2018-07-24,20.9
2018-07-25,6.5
2018-07-26,453.4
2018-07-27,317.8
2018-07-28,175.6
2018-07-29,242.2
2018-07-30,195.4
2018-07-31,222.8
2018-08-01,263
2018-08-02,191.1
2018-08-03,5
2018-08-04,280.7
2018-08-05,142.3
2018-08-06,3.8
2018-08-07,442.1
2018-08-08,448.7
2018-08-09,80.3
2018-08-10,58.8
2018-08-11,420.4
2018-08-12,265.3
2018-08-13,131.5
2018-08-14,305.3
2018-08-15,35.7
2018-08-16,491.9
2018-08-17,201.7
2018-08-18,92.1
2018-08-19,466.2
2018-08-20,445.6
2018-08-21,1.8
2018-08-22,206.2
2018-08-23,427.5
2018-08-24,5.4
2018-08-25,56.2
2018-08-26,174.6
2018-08-27,262
2018-08-28,268.8
2018-08-29,27.7
2018-08-30,316.7
2018-08-31,384.6
2018-09-01,363.9
2018-09-02,384.6
2018-09-03,498.4
2018-09-04,9.2
2018-09-05,39.5
2018-09-06,217.1
2018-09-07,82.1
2018-09-08,213
2018-09-09,98.5
2018-09-10,362.4
2018-09-11,406.2
2018-09-12,115.3
2018-09-13,443
2018-09-14,172.7
2018-09-15,282.3
2018-09-16,415.7
2018-09-17,475.4
2018-09-18,422.3
2018-09-19,108.5
2018-09-20,460.5
2018-09-21,46
2018-09-22,112.9
2018-09-23,447.2
2018-09-24,138.2
2018-09-25,201.6
2018-09-26,333.3
2018-09-27,212.4
2018-09-28,133.8
2018-09-29,451.5
2018-09-30,78.9
2018-10-01,293.2
2018-10-02,141.4
2018-10-03,26.5
2018-10-04,452.2
2018-10-05,122.4
2018-10-06,1.9
2018-10-07,335.3
2018-10-08,20.4
2018-10-09,129.6
2018-10-10,226
2018-10-11,136.3
2018-10-12,54.9
2018-10-13,152.2
2018-10-14,227.5
2018-10-15,345.1
2018-10-16,406.8
2018-10-17,198.8
2018-10-18,47.7
2018-10-19,315
2018-10-20,319.3
2018-10-21,196.3
2018-10-22,120.9
2018-10-23,242.3
2018-10-24,56.9
2018-10-25,199.6
2018-10-26,57.2
2018-10-27,186.1
2018-10-28,307.3
2018-10-29,402.1
2018-10-30,453.1
2018-10-31,367.1
2018-11-01,216.2
2018-11-02,303.2
2018-11-03,238.1
2018-11-04,279.9
2018-11-05,243.9
2018-11-06,163.3
2018-11-07,423.8
2018-11-08,479.6
2018-11-09,70.6
2018-11-10,464.2
2018-11-11,441.5
2018-11-12,153.9
2018-11-13,42.6
2018-11-14,158.9
2018-11-15,38.7
2018-11-16,353.5
2018-11-17,405.6
2018-11-18,326.3
2018-11-19,328.5
2018-11-20,214
2018-11-21,307.8
2018-11-22,277.3
2018-11-23,290
2018-11-24,103.4
2018-11-25,466.7
2018-11-26,333.6
2018-11-27,124.6
2018-11-28,458.7
2018-11-29,59.1
2018-11-30,178
2018-12-01,262.6
2018-12-02,78.5
2018-12-03,440.4
2018-12-04,497.8
2018-12-05,334.3
2018-12-06,247.8
2018-12-07,161.1
2018-12-08,190.8
2018-12-09,423.2
2018-12-10,233.4
2018-12-11,272.4
2018-12-12,211.5
2018-12-13,250.6
2018-12-14,107.1
2018-12-15,45.4
2018-12-16,250.8
2018-12-17,315.5
2018-12-18,33.7
2018-12-19,300.5
2018-12-20,333.2
2018-12-21,398.9
2018-12-22,284.3
2018-12-23,187.3
2018-12-24,294.2
2018-12-25,15.3
2018-12-26,313.3
2018-12-27,132.9
2018-12-28,460.6
2018-12-29,253.6
2018-12-30,152.7
2018-12-31,336.7
2019-01-01,248.1
2019-01-02,302.8
2019-01-03,468.8
2019-01-04,454.5
2019-01-05,478
2019-01-06,184.9
2019-01-07,26.9
2019-01-08,352.5
2019-01-09,192.6
2019-01-10,293.6
2019-01-11,90.9
2019-01-12,328.7
2019-01-13,119.3
2019-01-14,388.9
2019-01-15,335.3
2019-01-16,369.5
2019-01-17,303.3
2019-01-18,357.6
2019-01-19,396.2
2019-01-20,28.9
2019-01-21,444.6
2019-01-22,337.5
2019-01-23,413.2
2019-01-24,350.5
2019-01-25,106.6
2019-01-26,257.3
2019-01-27,2
2019-01-28,86
2019-01-29,285.5
2019-01-30,231.3
2019-01-31,400.4
2019-02-01,472.6
2019-02-02,160.2
2019-02-03,265.1
2019-02-04,9.1
2019-02-05,9.4
2019-02-06,356.2
2019-02-07,334.8
2019-02-08,298.9
2019-02-09,54.4
2019-02-10,357.1
2019-02-11,53.3
2019-02-12,337.5
2019-02-13,335.7
2019-02-14,319
2019-02-15,189.8
2019-02-16,478.7
2019-02-17,297.5
2019-02-18,315.1
2019-02-19,105.9
2019-02-20,382.6
2019-02-21,162.3
2019-02-22,6.1
2019-02-23,241
2019-02-24,468.4
2019-02-25,220.2
2019-02-26,228.5
2019-02-27,376.9
2019-02-28,127.8
2019-03-01,115.8
2019-03-02,206.9
2019-03-03,328
2019-03-04,159.7
2019-03-05,493.4
2019-03-06,91.6
2019-03-07,323.6
2019-03-08,79.6
2019-03-09,483
2019-03-10,232.3
2019-03-11,348.5
2019-03-12,458.8
2019-03-13,30.5
2019-03-14,416.2
2019-03-15,75.5
2019-03-16,367.9
2019-03-17,243
2019-03-18,379
2019-03-19,431.2
2019-03-20,362.5
2019-03-21,20.9
2019-03-22,446.4
2019-03-23,344.2
2019-03-24,163.1
2019-03-25,67.9
2019-03-26,220.8
2019-03-27,217.1
2019-03-28,120.9
2019-03-29,462.5
2019-03-30,355.7
2019-03-31,70.5
2019-04-01,323.9
2019-04-02,245.3
2019-04-03,441.3
2019-04-04,450.8
2019-04-05,387.2
2019-04-06,480.3
2019-04-07,322.9
2019-04-08,405.8
2019-04-09,125.2
2019-04-10,145.5
2019-04-11,364.3
2019-04-12,133.4
2019-04-13,44.4
2019-04-14,108.4
2019-04-15,478.7
2019-04-16,386.3
2019-04-17,384
2019-04-18,312.2
2019-04-19,107.2
2019-04-20,239
2019-04-21,96
2019-04-22,7
2019-04-23,49.5
2019-04-24,56.5
2019-04-25,195.5
2019-04-26,288
2019-04-27,317
2019-04-28,200.8
2019-04-29,221.2
2019-04-30,85.1
2019-05-01,405.7
2019-05-02,100
2019-05-03,286
2019-05-04,251.3
2019-05-05,287.1
2019-05-06,231.4
2019-05-07,224.3
2019-05-08,115.5
2019-05-09,282.5
2019-05-10,344.2
2019-05-11,91.2
2019-05-12,285.1
2019-05-13,128.5
2019-05-14,10.3
2019-05-15,331.6
2019-05-16,197.1
2019-05-17,220.8
2019-05-18,51.4
2019-05-19,395.8
2019-05-20,367.2
2019-05-21,329.5
2019-05-22,211.5
2019-05-23,300.1
2019-05-24,219.3
2019-05-25,294.3
2019-05-26,7.6
2019-05-27,234.6
2019-05-28,63.1
2019-05-29,80.7
2019-05-30,286.2
2019-05-31,228.6
2019-06-01,449.1
2019-06-02,242.5
2019-06-03,215.6
2019-06-04,294.3
2019-06-05,163.8
2019-06-06,124.8
2019-06-07,329.2
2019-06-08,418.4
2019-06-09,51.9
2019-06-10,25.2
2019-06-11,140.7
2019-06-12,430.9
2019-06-13,378.5
2019-06-14,16
2019-06-15,153.1
2019-06-16,264.8
2019-06-17,162.8
2019-06-18,443.2
2019-06-19,127.3
2019-06-20,93.5
2019-06-21,305.5
2019-06-22,366.2
2019-06-23,129.3
2019-06-24,415.1
2019-06-25,288.7
2019-06-26,254.7
2019-06-27,411.8
2019-06-28,262.7
2019-06-29,365.3
2019-06-30,201.4
2019-07-01,412.5
2019-07-02,384.3
2019-07-03,276
2019-07-04,372.1
2019-07-05,215.2
2019-07-06,7.3
2019-07-07,126.7
2019-07-08,221.2
2019-07-09,131.6
2019-07-10,456.2
2019-07-11,106.4
2019-07-12,6.8
2019-07-13,11.7
2019-07-14,44
2019-07-15,470.8
2019-07-16,459.6
2019-07-17,386.7
2019-07-18,44.3
2019-07-19,44.8
2019-07-20,133.4
2019-07-21,157.4
2019-07-22,259.5
2019-07-23,74.5
2019-07-24,487.2
2019-07-25,260.4
2019-07-26,74.5
2019-07-27,92.3
2019-07-28,222.2
2019-07-29,471.3
2019-07-30,230
2019-07-31,324.6
2019-08-01,333.5
2019-08-02,412.4
2019-08-03,195.6
2019-08-04,305.6
2019-08-05,166.8
2019-08-06,210
2019-08-07,304.2
2019-08-08,167.3
2019-08-09,304.2
2019-08-10,457
2019-08-11,325
2019-08-12,38
2019-08-13,212.5
2019-08-14,112.5
2019-08-15,263.5
2019-08-16,18.7
2019-08-17,143
2019-08-18,361.7
2019-08-19,17.7
2019-08-20,332.4
2019-08-21,463.7
2019-08-22,188.5
2019-08-23,99.8
2019-08-24,107.2
2019-08-25,334
2019-08-26,454
2019-08-27,489.7
2019-08-28,289.3
2019-08-29,389.5
2019-08-30,353.8
2019-08-31,88.9
2019-09-01,468.7
2019-09-02,102
2019-09-03,351.9
2019-09-04,127.4
2019-09-05,483.7
2019-09-06,10
2019-09-07,422.2
2019-09-08,351.1
2019-09-09,454.6
2019-09-10,123.1
2019-09-11,267.7
2019-09-12,238.4
2019-09-13,24.5
2019-09-14,263.6
2019-09-15,294.3
2019-09-16,443.6
2019-09-17,325.4
2019-09-18,43.6
2019-09-19,324.1
2019-09-20,339.1
2019-09-21,284.7
2019-09-22,16.6
2019-09-23,146.8
2019-09-24,316.7
2019-09-25,499.9
2019-09-26,241.5
2019-09-27,20.7
2019-09-28,385.6
2019-09-29,64.3
2019-09-30,416
2019-10-01,93.6
2019-10-02,18.1
2019-10-03,48.8
2019-10-04,354.5
2019-10-05,9.1
2019-10-06,379.9
2019-10-07,155.6
2019-10-08,194
2019-10-09,471.6
2019-10-10,138
2019-10-11,330.9
2019-10-12,284.2
2019-10-13,456.3
2019-10-14,467.1
2019-10-15,177.2
2019-10-16,263.5
2019-10-17,446.1
2019-10-18,133.8
2019-10-19,358.9
2019-10-20,245.4
2019-10-21,206.2
2019-10-22,279.8
2019-10-23,416.3
2019-10-24,33
2019-10-25,109.8
2019-10-26,154.3
2019-10-27,415.4
2019-10-28,464.5
2019-10-29,189.7
2019-10-30,296.3
2019-10-31,381.8
2019-11-01,449.9
2019-11-02,255
2019-11-03,333.6
2019-11-04,196.5
2019-11-05,312
2019-11-06,438.2
2019-11-07,355.8
2019-11-08,477.3
2019-11-09,276.8
2019-11-10,24.4
2019-11-11,34.6
2019-11-12,12.1
2019-11-13,210.5
2019-11-14,301.4
2019-11-15,76.7
2019-11-16,406.8
2019-11-17,404.9
2019-11-18,109.1
2019-11-19,138.1
2019-11-20,43.5
2019-11-21,478.9
2019-11-22,465.9
2019-11-23,131.9
2019-11-24,198.5
2019-11-25,204.9
2019-11-26,364.2
2019-11-27,370.1
2019-11-28,124.9
2019-11-29,349.7
2019-11-30,463.9
2019-12-01,256.3
2019-12-02,283.1
2019-12-03,165.5
2019-12-04,120.5
2019-12-05,199.5
2019-12-06,174.9
2019-12-07,317
2019-12-08,330.5
2019-12-09,381.5
2019-12-10,450.4
2019-12-11,343.6
2019-12-12,358.1
2019-12-13,70.1
2019-12-14,335.6
2019-12-15,439.8
2019-12-16,10.3
2019-12-17,186.7
2019-12-18,254.2
2019-12-19,462.1
2019-12-20,370.8
2019-12-21,385.8
2019-12-22,297.2
2019-12-23,412.6
2019-12-24,260.9
2019-12-25,187.9
2019-12-26,197.9
2019-12-27,179.2
2019-12-28,161.1
2019-12-29,144.2
2019-12-30,288.5
2019-12-31,123.6
2020-01-01,412.8
2020-01-02,428.4
2020-01-03,223.8
2020-01-04,114.4
2020-01-05,91.4
2020-01-06,413.1
2020-01-07,160.9
2020-01-08,181.2
2020-01-09,1.3
2020-01-10,9.8
2020-01-11,362.8
2020-01-12,374.3
2020-01-13,130.8
2020-01-14,106.9
2020-01-15,376.3
2020-01-16,331.2
2020-01-17,197.8
2020-01-18,402.8
2020-01-19,32.7
2020-01-20,486.2
2020-01-21,386
2020-01-22,10.4
2020-01-23,489.8
2020-01-24,303.3
2020-01-25,447.7
2020-01-26,244.8
2020-01-27,27.3
2020-01-28,193.4
2020-01-29,366
2020-01-30,360.7
2020-01-31,121.8
2020-02-01,398.3
2020-02-02,122.5
2020-02-03,283.9
2020-02-04,172.1
2020-02-05,350.1
2020-02-06,419.9
2020-02-07,464.3
2020-02-08,39.5
2020-02-09,89.5
2020-02-10,98.6
2020-02-11,390.2
2020-02-12,223.4
2020-02-13,141.9
2020-02-14,94.6
2020-02-15,311.2
2020-02-16,296.1
2020-02-17,219.4
2020-02-18,259.7
2020-02-19,234.4
2020-02-20,330.2
2020-02-21,94.9
2020-02-22,199.3
2020-02-23,361
2020-02-24,430
2020-02-25,67.2
2020-02-26,409.6
2020-02-27,417.9
2020-02-28,384.5
2020-02-29,397.3
2020-03-01,37.9
2020-03-02,245.6
2020-03-03,357
2020-03-04,484.3
2020-03-05,169.1
2020-03-06,461.8
2020-03-07,37.3
2020-03-08,369.2
2020-03-09,46.1
2020-03-10,252.1
2020-03-11,46
2020-03-12,99.4
2020-03-13,98.4
2020-03-14,75.9
2020-03-15,169.5
2020-03-16,211.2
2020-03-17,254.1
2020-03-18,400.2
2020-03-19,226.9
2020-03-20,396.5
2020-03-21,466
2020-03-22,31.8
2020-03-23,449.8
2020-03-24,465.3
2020-03-25,321.4
2020-03-26,219.4
2020-03-27,226.4
2020-03-28,181.5
2020-03-29,331.7
2020-03-30,238
2020-03-31,335.8
2020-04-01,318.8
2020-04-02,250.5
2020-04-03,464.5
2020-04-04,356.2
2020-04-05,153.6
2020-04-06,499.1
2020-04-07,76.3
2020-04-08,221.7
2020-04-09,191.3
2020-04-10,239.7
2020-04-11,284.8
2020-04-12,136.5
2020-04-13,292.6
2020-04-14,477
2020-04-15,271.1
2020-04-16,115.3
2020-04-17,389.3
2020-04-18,171.9
2020-04-19,254.5
2020-04-20,182.5
2020-04-21,358.9
2020-04-22,107.7
2020-04-23,18.9
2020-04-24,470.8
2020-04-25,154.5
2020-04-26,470.5
2020-04-27,223.5
2020-04-28,253.1
2020-04-29,317.9
2020-04-30,353.5
2020-05-01,39.6
2020-05-02,73.2
2020-05-03,322.5
2020-05-04,33.6
2020-05-05,459.7
2020-05-06,481.9
2020-05-07,391.6
2020-05-08,390.9
2020-05-09,308.5
2020-05-10,215
2020-05-11,146.4
2020-05-12,474.9
2020-05-13,312.6
2020-05-14,11.3
2020-05-15,396.5
2020-05-16,385.4
2020-05-17,414.4
2020-05-18,162.9
2020-05-19,125.6
2020-05-20,267.1
2020-05-21,151.6
2020-05-22,42.8
2020-05-23,381.7
2020-05-24,191.7
2020-05-25,136.4
2020-05-26,481.9
2020-05-27,123.7
2020-05-28,333.3
2020-05-29,9.3
2020-05-30,193.5
2020-05-31,95.6
2020-06-01,412.8
2020-06-02,263.5
2020-06-03,19.7
2020-06-04,328.4
2020-06-05,98.9
2020-06-06,489.8
2020-06-07,339.9
2020-06-08,442.2
2020-06-09,38.5
2020-06-10,31.4
2020-06-11,415.8
2020-06-12,197.4
2020-06-13,363
2020-06-14,263.6
2020-06-15,208.2
2020-06-16,159.8
2020-06-17,145.7
2020-06-18,372.2
2020-06-19,213.4
2020-06-20,281.5
2020-06-21,376.3
2020-06-22,109.1
2020-06-23,105.1
2020-06-24,358.3
2020-06-25,438.7
2020-06-26,166.6
2020-06-27,105.3
2020-06-28,209
2020-06-29,311.1
2020-06-30,260.3
2020-07-01,336.7
2020-07-02,174.8
2020-07-03,276.6
2020-07-04,162.5
2020-07-05,169.8
2020-07-06,7.6
2020-07-07,451.8
2020-07-08,167.3
2020-07-09,239.2
2020-07-10,152.8
2020-07-11,394
2020-07-12,443
2020-07-13,338.8
2020-07-14,46.3
2020-07-15,147
2020-07-16,110.9
2020-07-17,394.5
2020-07-18,165.1
2020-07-19,135.1
2020-07-20,33.9
2020-07-21,35.6
2020-07-22,66.6
2020-07-23,262.7
2020-07-24,146.6
2020-07-25,30.7
2020-07-26,63.6
2020-07-27,459.3
2020-07-28,486.1
2020-07-29,448.1
2020-07-30,355.1
2020-07-31,460.4
2020-08-01,249.9
2020-08-02,189.1
2020-08-03,224.7
2020-08-04,471.3
2020-08-05,415.5
2020-08-06,176
2020-08-07,279.2
2020-08-08,90.2
2020-08-09,92.9
2020-08-10,144.3
2020-08-11,236.5
2020-08-12,105.7
2020-08-13,107.9
2020-08-14,438
2020-08-15,329.2
2020-08-16,420.7
2020-08-17,391.7
2020-08-18,286.5
2020-08-19,387.4
2020-08-20,251.6
2020-08-21,403.5
2020-08-22,398.5
2020-08-23,166.6
2020-08-24,133.3
2020-08-25,308.2
2020-08-26,457.7
2020-08-27,280.2
2020-08-28,187.2
2020-08-29,472.7
2020-08-30,193.3
2020-08-31,387.2
2020-09-01,175.1
2020-09-02,335.3
2020-09-03,380.4
2020-09-04,152.9
2020-09-05,356
2020-09-06,489.1
2020-09-07,368.6
2020-09-08,219.6
2020-09-09,142.7
2020-09-10,40.5
2020-09-11,230.5
2020-09-12,20
2020-09-13,12
2020-09-14,285.8
2020-09-15,76.5
2020-09-16,363.3
2020-09-17,222.3
2020-09-18,366.1
2020-09-19,490.9
2020-09-20,57
2020-09-21,483.7
2020-09-22,458.1
2020-09-23,255.4
2020-09-24,330.2
2020-09-25,343.2
2020-09-26,69.1
2020-09-27,453.6
2020-09-28,421.1
2020-09-29,311.2
2020-09-30,7.1
2020-10-01,472.3
2020-10-02,313.3
2020-10-03,164.4
2020-10-04,37.1
2020-10-05,19.3
2020-10-06,196.2
2020-10-07,6.3
2020-10-08,100.7
2020-10-09,481.9
2020-10-10,458.6
2020-10-11,91.9
2020-10-12,313.7
2020-10-13,340.6
2020-10-14,199.6
2020-10-15,296.6
2020-10-16,331.1
2020-10-17,125.1
2020-10-18,399.5
2020-10-19,370.5
2020-10-20,312.9
2020-10-21,399.5
2020-10-22,464.5
2020-10-23,161.2
2020-10-24,119.4
2020-10-25,374.5
2020-10-26,174.2
2020-10-27,484
2020-10-28,37.4
2020-10-29,189.6
2020-10-30,114.5
2020-10-31,461.3
2020-11-01,472.4
2020-11-02,402.7
2020-11-03,262.4
2020-11-04,322
2020-11-05,342.1
2020-11-06,283.8
2020-11-07,238.3
2020-11-08,218.8
2020-11-09,431.2
2020-11-10,70
2020-11-11,268
2020-11-12,454.2
2020-11-13,226.2
2020-11-14,334.4
2020-11-15,448.8
2020-11-16,324.4
2020-11-17,229.3
2020-11-18,234.2
2020-11-19,98.2
2020-11-20,210.1
2020-11-21,498.6
2020-11-22,466.1
2020-11-23,432
2020-11-24,130.2
2020-11-25,360.4
2020-11-26,362.9
2020-11-27,350.1
2020-11-28,123.6
2020-11-29,181.2
2020-11-30,348.1
2020-12-01,113.9
2020-12-02,209
2020-12-03,287
2020-12-04,184.6
2020-12-05,408.7
2020-12-06,297.2
2020-12-07,483.3
2020-12-08,105.6
2020-12-09,376.6
2020-12-10,94.7
2020-12-11,240.9
2020-12-12,409.4
2020-12-13,246.6
2020-12-14,231.7
2020-12-15,285.9
2020-12-16,377.1
2020-12-17,210.3
2020-12-18,412.5
2020-12-19,467.3
2020-12-20,129.4
2020-12-21,421.2
2020-12-22,119.5
2020-12-23,317.4
2020-12-24,191.5
2020-12-25,349.8
2020-12-26,174
2020-12-27,211.5
2020-12-28,58.5
2020-12-29,15
2020-12-30,461.5
2020-12-31,197.6
2021-01-01,30
2021-01-02,34.5
2021-01-03,105.5
2021-01-04,297.4
2021-01-05,183.1
2021-01-06,108.5
2021-01-07,178.4
2021-01-08,53
2021-01-09,492.7
2021-01-10,134.3
2021-01-11,143.9
2021-01-12,107
2021-01-13,48.4
2021-01-14,213.8
2021-01-15,73.5
2021-01-16,224.5
2021-01-17,268.3
2021-01-18,202.2
2021-01-19,48.7
2021-01-20,450.3
2021-01-21,271.8
2021-01-22,265.6
2021-01-23,0.4
2021-01-24,469.6
2021-01-25,45
2021-01-26,416.6
2021-01-27,392.2
2021-01-28,73.9
2021-01-29,172.9
2021-01-30,7.9
2021-01-31,241.4
2021-02-01,361.8
2021-02-02,413.8
2021-02-03,107.8
2021-02-04,104.8
2021-02-05,217.8
2021-02-06,52.7
2021-02-07,301.3
2021-02-08,240.7
2021-02-09,428.5
2021-02-10,288.7
2021-02-11,348.4
2021-02-12,278.8
2021-02-13,241.9
2021-02-14,254.2
2021-02-15,19.5
2021-02-16,100.8
2021-02-17,34
2021-02-18,481.2
2021-02-19,297.6
2021-02-20,230.8
2021-02-21,409.5
2021-02-22,338
2021-02-23,305.7
2021-02-24,291.6
2021-02-25,255.8
2021-02-26,367.4
2021-02-27,30.6
2021-02-28,489.3
2021-03-01,467.2
2021-03-02,328.8
2021-03-03,172.9
2021-03-04,270.3
2021-03-05,262.3
2021-03-06,130.3
2021-03-07,478
2021-03-08,170.9
2021-03-09,491.5
2021-03-10,246.5
2021-03-11,8.3
2021-03-12,324.5
2021-03-13,425.8
2021-03-14,461.1
2021-03-15,240.8
2021-03-16,0.8
2021-03-17,133.5
2021-03-18,176.2
2021-03-19,448.6
2021-03-20,356.9
2021-03-21,491.2
2021-03-22,299.6
2021-03-23,278
2021-03-24,119.6
2021-03-25,387.4
2021-03-26,220.3
2021-03-27,454.2
2021-03-28,328.4
2021-03-29,177.6
2021-03-30,94.2
2021-03-31,280.2
2021-04-01,185
2021-04-02,146.5
2021-04-03,310.6
2021-04-04,165
2021-04-05,491.9
2021-04-06,472.9
2021-04-07,299.4
2021-04-08,386.6
2021-04-09,209.9
2021-04-10,458.4
2021-04-11,131.9
2021-04-12,152.3
2021-04-13,364.3
2021-04-14,381.3
2021-04-15,186.1
2021-04-16,244.4
2021-04-17,281.6
2021-04-18,244.3
2021-04-19,376.4
2021-04-20,218.2
2021-04-21,147
2021-04-22,243.7
2021-04-23,82.3
2021-04-24,478
2021-04-25,49.1
2021-04-26,183.5
2021-04-27,51.6
2021-04-28,445.2
2021-04-29,50.1
2021-04-30,87.9
2021-05-01,49.4
2021-05-02,193.7
2021-05-03,385.6
2021-05-04,235.9
2021-05-05,286.2
2021-05-06,166.7
2021-05-07,237.8
2021-05-08,252.4
2021-05-09,187.9
2021-05-10,3.3
2021-05-11,498.1
2021-05-12,134.1
2021-05-13,488.6
2021-05-14,263.4
2021-05-15,493.9
2021-05-16,142.9
2021-05-17,107.1
2021-05-18,90.8
2021-05-19,107.3
2021-05-20,176.9
2021-05-21,471.1
2021-05-22,297.6
2021-05-23,37.1
2021-05-24,37.1
2021-05-25,227
2021-05-26,235.6
2021-05-27,411.3
2021-05-28,218.1
2021-05-29,145.8
2021-05-30,27.7
2021-05-31,38.8
2021-06-01,286.5
2021-06-02,66.9
2021-06-03,361.4
2021-06-04,142.6
2021-06-05,241.5
2021-06-06,74.9
2021-06-07,147.6
2021-06-08,335.6
2021-06-09,489
2021-06-10,295.8
2021-06-11,263.5
2021-06-12,388.3
2021-06-13,122.8
2021-06-14,356.3
2021-06-15,165.8
2021-06-16,316.6
2021-06-17,172
2021-06-18,128.9
2021-06-19,351.5
2021-06-20,221.7
2021-06-21,368.1
2021-06-22,394.7
2021-06-23,177.7
2021-06-24,250.9
2021-06-25,130.3
2021-06-26,440.4
2021-06-27,28.5
2021-06-28,206.7
2021-06-29,2
2021-06-30,248.2
2021-07-01,233.1
2021-07-02,321.4
2021-07-03,236.7
2021-07-04,21.7
2021-07-05,371.1
2021-07-06,389.4
2021-07-07,280.7
2021-07-08,179.4
2021-07-09,318.3
2021-07-10,409.9
2021-07-11,404.2
2021-07-12,96
2021-07-13,74.3
2021-07-14,132.1
2021-07-15,58.3
2021-07-16,461.9
2021-07-17,159
2021-07-18,211.8
2021-07-19,470.2
2021-07-20,402.5
2021-07-21,406.5
2021-07-22,365.8
2021-07-23,430.2
2021-07-24,461.7
2021-07-25,101
2021-07-26,499.4
2021-07-27,429.5
2021-07-28,303.3
2021-07-29,36.4
2021-07-30,239.4
2021-07-31,248.4
2021-08-01,216.1
2021-08-02,232.7
2021-08-03,352.8
2021-08-04,19
2021-08-05,98.8
2021-08-06,418.1
2021-08-07,453.9
2021-08-08,453.2
2021-08-09,405.4
2021-08-10,474.5
2021-08-11,490.4
2021-08-12,460.5
2021-08-13,224.8
2021-08-14,337.3
2021-08-15,57.1
2021-08-16,447.5
2021-08-17,177.5
2021-08-18,120
2021-08-19,175.1
2021-08-20,361.3
2021-08-21,439.5
2021-08-22,448.9
2021-08-23,461
2021-08-24,337.3
2021-08-25,125.5
2021-08-26,243.6
2021-08-27,121
2021-08-28,196.4
2021-08-29,89
2021-08-30,427.6
2021-08-31,25.1
2021-09-01,209.6
2021-09-02,132.5
2021-09-03,433.1
2021-09-04,182.3
2021-09-05,154.7
2021-09-06,77.8
2021-09-07,52.7
2021-09-08,286.9
2021-09-09,491.6
2021-09-10,237.9
2021-09-11,192.2
2021-09-12,432.8
2021-09-13,434.6
2021-09-14,148.7
2021-09-15,107.3
2021-09-16,69.5
2021-09-17,426.3
2021-09-18,141.2
2021-09-19,369.7
2021-09-20,193
2021-09-21,344.3
2021-09-22,76.9
2021-09-23,418.2
2021-09-24,40.8
2021-09-25,461.3
2021-09-26,275.7
2021-09-27,177.3
2021-09-28,277.9
2021-09-29,462.1
2021-09-30,50.1
2021-10-01,86
2021-10-02,397.2
2021-10-03,197
2021-10-04,204.8
2021-10-05,191.6
2021-10-06,130
2021-10-07,81.1
2021-10-08,145.9
2021-10-09,369.1
2021-10-10,423
2021-10-11,257.5
2021-10-12,386.6
2021-10-13,113.9
2021-10-14,258
2021-10-15,403.3
2021-10-16,146.8
2021-10-17,143.2
2021-10-18,402.1
2021-10-19,473.8
2021-10-20,354.7
2021-10-21,179.7
2021-10-22,181.8
2021-10-23,9.3
2021-10-24,333.9
2021-10-25,189.8
2021-10-26,337.8
2021-10-27,488.6
2021-10-28,353.9
2021-10-29,226
2021-10-30,114.3
2021-10-31,43.2
2021-11-01,337.2
2021-11-02,18.1
2021-11-03,61.4
2021-11-04,366.9
2021-11-05,347.5
2021-11-06,480.1
2021-11-07,42.2
2021-11-08,406.2
2021-11-09,127.1
2021-11-10,455.9
2021-11-11,384.1
2021-11-12,189.3
2021-11-13,54.8
2021-11-14,437.3
2021-11-15,83.9
2021-11-16,234.5
2021-11-17,321.5
2021-11-18,154.7
2021-11-19,324.3
2021-11-20,415.7
2021-11-21,430.8
2021-11-22,138.4
2021-11-23,257.7
2021-11-24,110.3
2021-11-25,410
2021-11-26,22.3
2021-11-27,160.6
2021-11-28,181.6
2021-11-29,76
2021-11-30,499.7
2021-12-01,76.8
2021-12-02,36.5
2021-12-03,305.8
2021-12-04,274.1
2021-12-05,283
2021-12-06,155.5
2021-12-07,335
2021-12-08,448.1
2021-12-09,319.9
2021-12-10,484.4
2021-12-11,142.3
2021-12-12,125.7
2021-12-13,199.3
2021-12-14,250.8
2021-12-15,98
2021-12-16,3.7
2021-12-17,52.1
2021-12-18,257.8
2021-12-19,356.9
2021-12-20,20
2021-12-21,293.4
2021-12-22,463.9
2021-12-23,491.4
2021-12-24,11.7
2021-12-25,195.9
2021-12-26,111.7
2021-12-27,105.8
2021-12-28,337.2
2021-12-29,346.8
2021-12-30,248
2021-12-31,16
2022-01-01,7.3
2022-01-02,200.8
2022-01-03,78.4
2022-01-04,297.7
2022-01-05,256.8
2022-01-06,155.3
2022-01-07,25
2022-01-08,410.8
2022-01-09,301.3
2022-01-10,391.6
2022-01-11,382.2
2022-01-12,274.8
2022-01-13,492.1
2022-01-14,439.3
2022-01-15,143.5
2022-01-16,222.6
2022-01-17,473.2
2022-01-18,71
2022-01-19,428.4
2022-01-20,134
2022-01-21,420.2
2022-01-22,229.9
2022-01-23,373.7
2022-01-24,152.7
2022-01-25,283.8
2022-01-26,218.2
2022-01-27,162.9
2022-01-28,259.2
2022-01-29,379.6
2022-01-30,314.1
2022-01-31,168.5
2022-02-01,448.7
2022-02-02,493.9
2022-02-03,455.6
2022-02-04,465.1
2022-02-05,285.6
2022-02-06,354.7
2022-02-07,201.7
2022-02-08,369.4
2022-02-09,457.1
2022-02-10,418.9
2022-02-11,16.8
2022-02-12,83.3
2022-02-13,311.4
2022-02-14,378.1
2022-02-15,368.5
2022-02-16,16.2
2022-02-17,342.5
2022-02-18,348.6
2022-02-19,239.9
2022-02-20,70.1
2022-02-21,35.3
2022-02-22,395.7
2022-02-23,349.7
2022-02-24,290.4
2022-02-25,460.6
2022-02-26,367.2
2022-02-27,395.4
2022-02-28,467.2
2022-03-01,428.2
2022-03-02,135
2022-03-03,192.4
2022-03-04,402.9
2022-03-05,289.6
2022-03-06,199
2022-03-07,225
2022-03-08,467.6
2022-03-09,493.7
2022-03-10,415.2
2022-03-11,458.7
2022-03-12,446.3
2022-03-13,275
2022-03-14,441.8
2022-03-15,360.3
2022-03-16,452.7
2022-03-17,208.5
2022-03-18,403.5
2022-03-19,494.2
2022-03-20,376.2
2022-03-21,68
2022-03-22,288.4
2022-03-23,478.4
2022-03-24,111.6
2022-03-25,240.1
2022-03-26,18.5
2022-03-27,416.7
2022-03-28,93.4
2022-03-29,214.9
2022-03-30,27.1
2022-03-31,215.5
2022-04-01,363.8
2022-04-02,359.6
2022-04-03,456.5
2022-04-04,6.7
2022-04-05,196
2022-04-06,442
2022-04-07,287.8
2022-04-08,471.7
2022-04-09,27.6
2022-04-10,292.5
2022-04-11,220.7
2022-04-12,8.5
2022-04-13,414.6
2022-04-14,251.7
2022-04-15,289
2022-04-16,293.8
2022-04-17,2.1
2022-04-18,207.7
2022-04-19,227.5
2022-04-20,225.2
2022-04-21,53.9
2022-04-22,303.3
2022-04-23,218
2022-04-24,104.1
2022-04-25,269.2
2022-04-26,174.2
2022-04-27,343.3
2022-04-28,278.9
2022-04-29,73.4
2022-04-30,466.7
2022-05-01,183.9
2022-05-02,312.5
2022-05-03,297.9
2022-05-04,165.5
2022-05-05,349.3
2022-05-06,71.7
2022-05-07,215.3
2022-05-08,472.9
2022-05-09,32
2022-05-10,378.6
2022-05-11,326.1
2022-05-12,116.1
2022-05-13,240.5
2022-05-14,307
2022-05-15,338
2022-05-16,170.3
2022-05-17,42.6
2022-05-18,327.4
2022-05-19,185.1
2022-05-20,243.3
2022-05-21,353.2
2022-05-22,20.9
2022-05-23,405.9
2022-05-24,168.8
2022-05-25,15.3
2022-05-26,481.5
2022-05-27,63.8
2022-05-28,271.9
2022-05-29,432.1
2022-05-30,488.5
2022-05-31,421.8
2022-06-01,441
2022-06-02,462.5
2022-06-03,343.1
2022-06-04,413.4
2022-06-05,221.4
2022-06-06,372.6
2022-06-07,20.8
2022-06-08,181.8
2022-06-09,390.2
2022-06-10,494.5
2022-06-11,28.1
2022-06-12,390.7
2022-06-13,472
2022-06-14,481
2022-06-15,28.9
2022-06-16,179.8
2022-06-17,378.3
2022-06-18,465.5
2022-06-19,336
2022-06-20,287.7
2022-06-21,171.7
2022-06-22,215
2022-06-23,82.8
2022-06-24,244.4
2022-06-25,442.2
2022-06-26,242.2
2022-06-27,19.9
2022-06-28,376.2
2022-06-29,103.7
2022-06-30,155.7
2022-07-01,461.2
2022-07-02,242.1
2022-07-03,361.4
2022-07-04,380
2022-07-05,9
2022-07-06,181.1
2022-07-07,128.2
2022-07-08,338.4
2022-07-09,363.4
2022-07-10,479.6
2022-07-11,401.3
2022-07-12,53.7
2022-07-13,422.6
2022-07-14,188.9
2022-07-15,18.1
2022-07-16,312.1
2022-07-17,143.8
2022-07-18,58.3
2022-07-19,371.7
2022-07-20,169.6
2022-07-21,146.2
2022-07-22,204.3
2022-07-23,65.1
2022-07-24,6
2022-07-25,39
2022-07-26,98.6
2022-07-27,342.4
2022-07-28,32.3
2022-07-29,429.9
2022-07-30,238.5
2022-07-31,332.7
2022-08-01,371
2022-08-02,256.6
2022-08-03,292.9
2022-08-04,180.2
2022-08-05,256.7
2022-08-06,333.9
2022-08-07,44.8
2022-08-08,409.8
2022-08-09,111
2022-08-10,65.7
2022-08-11,68.3
2022-08-12,125
2022-08-13,47
2022-08-14,291.7
2022-08-15,213
2022-08-16,484.9
2022-08-17,401.9
2022-08-18,32.9
2022-08-19,229.5
2022-08-20,44.5
2022-08-21,60.9
2022-08-22,78
2022-08-23,102.5
2022-08-24,44.6
2022-08-25,287.1
2022-08-26,136.1
2022-08-27,283.7
2022-08-28,95.9
2022-08-29,161.1
2022-08-30,50.9
2022-08-31,33.2
2022-09-01,283.8
2022-09-02,442.7
2022-09-03,115.8
2022-09-04,352
2022-09-05,97.2
2022-09-06,371.4
2022-09-07,317.8
2022-09-08,467.9
2022-09-09,285.3
2022-09-10,54.1
2022-09-11,99.3
2022-09-12,158.5
2022-09-13,386.4
2022-09-14,229.3
2022-09-15,137.9
2022-09-16,337.3
2022-09-17,404.8
2022-09-18,264.2
2022-09-19,259.9
2022-09-20,457.2
2022-09-21,436.8
2022-09-22,27.7
2022-09-23,70.9
2022-09-24,210.2
2022-09-25,369.1
2022-09-26,302.5
2022-09-27,453.9
2022-09-28,275.6
2022-09-29,491.1
2022-09-30,95.3
2022-10-01,275.9
2022-10-02,205.9
2022-10-03,5.6
2022-10-04,153.9
2022-10-05,20.7
2022-10-06,229
2022-10-07,442.3
2022-10-08,426.7
2022-10-09,160.4
2022-10-10,489.4
2022-10-11,85.9
2022-10-12,233.2
2022-10-13,443.3
2022-10-14,446.9
2022-10-15,438.5
2022-10-16,159.4
2022-10-17,248.5
2022-10-18,101.5
2022-10-19,412
2022-10-20,243.2
2022-10-21,413
2022-10-22,445
2022-10-23,97.4
2022-10-24,379
2022-10-25,272.4
2022-10-26,445.6
2022-10-27,249.4
2022-10-28,298.2
2022-10-29,384.9
2022-10-30,171.7
2022-10-31,167.2
2022-11-01,347.6
2022-11-02,147.1
2022-11-03,292.3
2022-11-04,410
2022-11-05,310.6
2022-11-06,134.5
2022-11-07,260.5
2022-11-08,418.3
2022-11-09,85.9
2022-11-10,348.1
2022-11-11,20.4
2022-11-12,355.4
2022-11-13,168.5
2022-11-14,265.5
2022-11-15,370.2
2022-11-16,144.4
2022-11-17,207.9
2022-11-18,371.5
2022-11-19,364.7
2022-11-20,156.7
2022-11-21,436.4
2022-11-22,260.8
2022-11-23,217.4
2022-11-24,465.7
2022-11-25,362.9
2022-11-26,0.5
2022-11-27,343.7
2022-11-28,146
2022-11-29,44
2022-11-30,138.9
2022-12-01,49.7
2022-12-02,309.5
2022-12-03,67
2022-12-04,12.5
2022-12-05,459.8
2022-12-06,26
2022-12-07,183.3
2022-12-08,105.9
2022-12-09,276.1
2022-12-10,353.3
2022-12-11,128.3
2022-12-12,488.4
2022-12-13,489.6
2022-12-14,133.2
2022-12-15,93.8
2022-12-16,482.2
2022-12-17,17
2022-12-18,82.5
2022-12-19,197.8
2022-12-20,59.5
2022-12-21,343.9
2022-12-22,207.9
2022-12-23,326.4
2022-12-24,334.8
2022-12-25,124.6
2022-12-26,405.9
2022-12-27,202.6
2022-12-28,169.9
2022-12-29,82
2022-12-30,483.5
2022-12-31,494.9
2023-01-01,241.2
2023-01-02,58.8
2023-01-03,491.1
2023-01-04,162.6
2023-01-05,182.2
2023-01-06,209.8
2023-01-07,294
2023-01-08,66.4
2023-01-09,49.5
2023-01-10,457.8
2023-01-11,305.4
2023-01-12,499.8
2023-01-13,174
2023-01-14,488.5
2023-01-15,332.6
2023-01-16,335.7
2023-01-17,109.8
2023-01-18,259
2023-01-19,86.3
2023-01-20,450.1
2023-01-21,154.2
2023-01-22,252.7
2023-01-23,455.3
2023-01-24,162.8
2023-01-25,232.2
2023-01-26,206
2023-01-27,288
2023-01-28,279.5
2023-01-29,426.5
2023-01-30,206.7
2023-01-31,66.3
2023-02-01,451.2
2023-02-02,444.9
2023-02-03,409.4
2023-02-04,65
2023-02-05,407.9
2023-02-06,240.8
2023-02-07,280.1
2023-02-08,156.3
2023-02-09,374.9
2023-02-10,213
2023-02-11,438.3
2023-02-12,100.2
2023-02-13,192.2
2023-02-14,355.5
2023-02-15,195.5
2023-02-16,369.1
2023-02-17,248.9
2023-02-18,121
2023-02-19,354.7
2023-02-20,147
2023-02-21,349.2
2023-02-22,386.9
2023-02-23,131.8
2023-02-24,138.3
2023-02-25,186.3
2023-02-26,325.3
2023-02-27,471.5
2023-02-28,176.6
2023-03-01,200.6
2023-03-02,246.2
2023-03-03,466.9
2023-03-04,261
2023-03-05,142.4
2023-03-06,160.1
2023-03-07,61
2023-03-08,156.2
2023-03-09,72.3
2023-03-10,461.9
2023-03-11,122.2
2023-03-12,149.2
2023-03-13,102.4
2023-03-14,208.2
2023-03-15,296.7
2023-03-16,462.9
2023-03-17,464.9
2023-03-18,176.6
2023-03-19,19
2023-03-20,370.7
2023-03-21,137.5
2023-03-22,342.5
2023-03-23,485.5
2023-03-24,168.2
2023-03-25,367.1
2023-03-26,195.9
2023-03-27,119.2
2023-03-28,227.7
2023-03-29,106.4
2023-03-30,19.7
2023-03-31,485
2023-04-01,371.1
2023-04-02,64.5
2023-04-03,109.6
2023-04-04,303.4
2023-04-05,305.8
2023-04-06,462
2023-04-07,94.3
2023-04-08,325.5
2023-04-09,68
2023-04-10,133.1
2023-04-11,189.8
2023-04-12,493.8
2023-04-13,159
2023-04-14,385.1
2023-04-15,343.8
2023-04-16,356
2023-04-17,202
2023-04-18,74
2023-04-19,249.5
2023-04-20,158.9
2023-04-21,89
2023-04-22,157.3
2023-04-23,81.4
2023-04-24,325.2
2023-04-25,0.1
2023-04-26,107.3
2023-04-27,399.3
2023-04-28,410
2023-04-29,73.9
2023-04-30,402.9
2023-05-01,199.7
2023-05-02,337.9
2023-05-03,258.7
2023-05-04,86.4
2023-05-05,176.3
2023-05-06,455.9
2023-05-07,297.9
2023-05-08,146.9
2023-05-09,17.1
2023-05-10,360.7
2023-05-11,23.8
2023-05-12,308.8
2023-05-13,188.8
2023-05-14,283.6
2023-05-15,292.1
2023-05-16,193.7
2023-05-17,204
2023-05-18,422.6
2023-05-19,20.5
2023-05-20,192.4
2023-05-21,0.9
2023-05-22,126.6
2023-05-23,250.2
2023-05-24,34.6
2023-05-25,461.7
2023-05-26,324.3
2023-05-27,71.2
2023-05-28,381.5
2023-05-29,392.7
2023-05-30,427.6
2023-05-31,94
2023-06-01,408.1
2023-06-02,227.2
2023-06-03,325.5
2023-06-04,177.7
2023-06-05,476.9
2023-06-06,191.8
2023-06-07,117.3
2023-06-08,489.8
2023-06-09,52.1
2023-06-10,475.7
2023-06-11,116.6
2023-06-12,428.8
2023-06-13,204.4
2023-06-14,333.7
2023-06-15,42.6
2023-06-16,429.2
2023-06-17,352.4
2023-06-18,137.4
2023-06-19,318.2
2023-06-20,381.3
2023-06-21,85.5
2023-06-22,330
2023-06-23,234.6
2023-06-24,11.8
2023-06-25,214.5
2023-06-26,421.2
2023-06-27,213.5
2023-06-28,90
2023-06-29,435.2
2023-06-30,97.2
2023-07-01,133.1
2023-07-02,83.3
2023-07-03,222.1
2023-07-04,142.6
2023-07-05,301
2023-07-06,269.4
2023-07-07,79.7
2023-07-08,388.4
2023-07-09,137.3
2023-07-10,195.6
2023-07-11,194.6
2023-07-12,434.6
2023-07-13,188.3
2023-07-14,107.1
2023-07-15,291.5
2023-07-16,125
2023-07-17,312.8
2023-07-18,65.5
2023-07-19,88.3
2023-07-20,353.3
2023-07-21,155.2
2023-07-22,200.3
2023-07-23,371.9
2023-07-24,251.8
2023-07-25,471.4
2023-07-26,75.9
2023-07-27,145.5
2023-07-28,36.4
2023-07-29,454.5
2023-07-30,278.5
2023-07-31,400.5
2023-08-01,395.1
2023-08-02,316.9
2023-08-03,461
2023-08-04,197.8
2023-08-05,349.6
2023-08-06,265.2
2023-08-07,313
2023-08-08,10.7
2023-08-09,293.1
2023-08-10,295.3
2023-08-11,121.8
2023-08-12,478.2
2023-08-13,433.7
2023-08-14,394.1
2023-08-15,33.7
2023-08-16,36.4
2023-08-17,71.1
2023-08-18,302.1
2023-08-19,415.9
2023-08-20,59.2
2023-08-21,139.7
2023-08-22,174.7
2023-08-23,286
2023-08-24,290.1
2023-08-25,211.9
2023-08-26,7.1
2023-08-27,320.1
2023-08-28,73.4
2023-08-29,443.6
2023-08-30,423.9
2023-08-31,264.3
2023-09-01,378.6
2023-09-02,400.2
2023-09-03,392.7
2023-09-04,480.1
2023-09-05,17.7
2023-09-06,373.9
2023-09-07,77.1
2023-09-08,298.4
2023-09-09,97.2
2023-09-10,209.4
2023-09-11,278.1
2023-09-12,232.2
2023-09-13,2.8
2023-09-14,435.1
2023-09-15,284.8
2023-09-16,65.9
2023-09-17,379.2
2023-09-18,348.2
2023-09-19,257.1
2023-09-20,205.1
2023-09-21,398.8
2023-09-22,243.7
2023-09-23,22.9
2023-09-24,154.4
2023-09-25,372.7
2023-09-26,77.4
2023-09-27,194.5
2023-09-28,238.7
2023-09-29,379.9
2023-09-30,268.9
2023-10-01,152.1
2023-10-02,478
2023-10-03,372.3
2023-10-04,430.6
2023-10-05,321.1
2023-10-06,335.1
2023-10-07,63.6
2023-10-08,366.6
2023-10-09,129.5
2023-10-10,364
2023-10-11,53.6
2023-10-12,252.9
2023-10-13,393
2023-10-14,79.8
2023-10-15,132
2023-10-16,54.1
2023-10-17,95.4
2023-10-18,353.8
2023-10-19,160.4
2023-10-20,86.3
2023-10-21,282.2
2023-10-22,187.6
2023-10-23,403.8
2023-10-24,196.5
2023-10-25,41.2
2023-10-26,222
2023-10-27,402.1
2023-10-28,58.5
2023-10-29,456.8
2023-10-30,116.2
2023-10-31,36
2023-11-01,227.7
2023-11-02,299.8
2023-11-03,451.5
2023-11-04,447.7
2023-11-05,382.1
2023-11-06,160.7
2023-11-07,28.6
2023-11-08,299.3
2023-11-09,477
2023-11-10,386.4
2023-11-11,147.4
2023-11-12,377.3
2023-11-13,221.2
2023-11-14,362.8
2023-11-15,125.2
2023-11-16,124.5
2023-11-17,382
2023-11-18,245.1
2023-11-19,177
2023-11-20,257.1
2023-11-21,44.3
2023-11-22,435.1
2023-11-23,217.3
2023-11-24,150.9
2023-11-25,265.6
2023-11-26,456.4
2023-11-27,330.7
2023-11-28,330.2
2023-11-29,459.7
2023-11-30,322.3
2023-12-01,24.9
2023-12-02,317
2023-12-03,202.8
2023-12-04,388.1
2023-12-05,178.8
2023-12-06,430.4
2023-12-07,130.3
2023-12-08,253.7
2023-12-09,290.7
2023-12-10,38.9
2023-12-11,174.6
2023-12-12,496.5
2023-12-13,469.8
2023-12-14,258.9
2023-12-15,269.1
2023-12-16,124.6
2023-12-17,425.5
2023-12-18,280.1
2023-12-19,441.8
2023-12-20,485.2
2023-12-21,337.9
2023-12-22,264.5
2023-12-23,74.8
2023-12-24,46.1
2023-12-25,466.9
2023-12-26,483.5
2023-12-27,260.5
2023-12-28,386
2023-12-29,60.5
2023-12-30,460.8
2023-12-31,36.6
2024-01-01,450.4
2024-01-02,133.3
2024-01-03,179.1
2024-01-04,402.9
2024-01-05,142.1
2024-01-06,489.7
2024-01-07,152.9
2024-01-08,174.5
2024-01-09,298.8
2024-01-10,117.1
2024-01-11,6.3
2024-01-12,277
2024-01-13,430.4
2024-01-14,380.3
2024-01-15,123
2024-01-16,69.8
2024-01-17,446.7
2024-01-18,374.8
2024-01-19,233.6
2024-01-20,11.8
2024-01-21,173
2024-01-22,226.6
2024-01-23,34.5
2024-01-24,455
2024-01-25,254
2024-01-26,176
2024-01-27,390.5
2024-01-28,98.1
2024-01-29,251.8
2024-01-30,382.3
2024-01-31,47.4
2024-02-01,484.9
2024-02-02,295.3
2024-02-03,21.6
2024-02-04,392.6
2024-02-05,279.5
2024-02-06,424.3
2024-02-07,176.2
2024-02-08,172.5
2024-02-09,141.6
2024-02-10,22.5
2024-02-11,277.6
2024-02-12,211.4
2024-02-13,424.1
2024-02-14,478.3
2024-02-15,29
2024-02-16,157.2
2024-02-17,273.8
2024-02-18,122.5
2024-02-19,228
2024-02-20,141.6
2024-02-21,36.2
2024-02-22,482.1
2024-02-23,314.3
2024-02-24,266.9
2024-02-25,200.4
2024-02-26,383.7
2024-02-27,367.4
2024-02-28,258.7
2024-02-29,72.8
2024-03-01,129
2024-03-02,218.9
2024-03-03,415.8
2024-03-04,48.4
2024-03-05,99.8
2024-03-06,35.4
2024-03-07,122.7
2024-03-08,260.5
2024-03-09,481.8
2024-03-10,294.5
2024-03-11,192.4
2024-03-12,82.3
2024-03-13,233.2
2024-03-14,486
2024-03-15,134.2
2024-03-16,159.1
2024-03-17,144.7
2024-03-18,280.6
2024-03-19,103.8
2024-03-20,238.3
2024-03-21,453.4
2024-03-22,304.7
2024-03-23,17.7
2024-03-24,135.2
2024-03-25,137.9
2024-03-26,19
2024-03-27,228.6
2024-03-28,208
2024-03-29,348
2024-03-30,43.8
2024-03-31,434.7
2024-04-01,25.6
2024-04-02,126
2024-04-03,419.9
2024-04-04,156.8
2024-04-05,361.9
2024-04-06,338.9
2024-04-07,475.9
2024-04-08,207.1
2024-04-09,202.6
2024-04-10,86.4
2024-04-11,496.3
2024-04-12,252.3
2024-04-13,63
2024-04-14,352.7
2024-04-15,342.4
2024-04-16,232.9
2024-04-17,256.2
2024-04-18,180.7
2024-04-19,62.3
2024-04-20,154.6
2024-04-21,380.6
2024-04-22,10.5
2024-04-23,461.5
2024-04-24,283.9
2024-04-25,369.1
2024-04-26,107.1
2024-04-27,468.1
2024-04-28,103.4
2024-04-29,358
2024-04-30,329.9
2024-05-01,7.6
2024-05-02,414
2024-05-03,303.4
2024-05-04,462
2024-05-05,214.1
2024-05-06,51.2
2024-05-07,119.1
2024-05-08,1.5
2024-05-09,178.1
2024-05-10,63.1
2024-05-11,319.3
2024-05-12,159.4
2024-05-13,285.5
2024-05-14,368.3
2024-05-15,455.7
2024-05-16,87.7
2024-05-17,124.2
2024-05-18,84.4
2024-05-19,29
2024-05-20,308.7
2024-05-21,250.7
2024-05-22,8.2
2024-05-23,418.1
2024-05-24,199.3
2024-05-25,494.5
2024-05-26,78
2024-05-27,472.9
2024-05-28,356.8
2024-05-29,187.1
2024-05-30,217.3
2024-05-31,255.4
2024-06-01,463.8
2024-06-02,262.7
2024-06-03,36.4
2024-06-04,196.2
2024-06-05,423
2024-06-06,360.5
2024-06-07,14.1
2024-06-08,176
2024-06-09,240.6
2024-06-10,60.4
2024-06-11,235.5
2024-06-12,192.5
2024-06-13,402.1
2024-06-14,423.1
2024-06-15,94
2024-06-16,210.3
2024-06-17,480.5
2024-06-18,273.1
2024-06-19,269.3
2024-06-20,295.6
2024-06-21,310.2
2024-06-22,141
2024-06-23,257
2024-06-24,391.6
2024-06-25,242.6
2024-06-26,355.4
2024-06-27,468.8
2024-06-28,371.5
2024-06-29,151.5
2024-06-30,219.4
2024-07-01,19.4
2024-07-02,11.5
2024-07-03,105.7
2024-07-04,134.7
2024-07-05,68.1
2024-07-06,86.3
2024-07-07,426.5
2024-07-08,465.7
2024-07-09,347.6
2024-07-10,424.8
2024-07-11,182.4
2024-07-12,232.3
2024-07-13,396.5
2024-07-14,402.2
2024-07-15,98.1
2024-07-16,438.7
2024-07-17,429.4
2024-07-18,410.7
2024-07-19,351.4
2024-07-20,337.1
2024-07-21,140.4
2024-07-22,478.3
2024-07-23,64.3
2024-07-24,144.9
2024-07-25,143.4
2024-07-26,187
2024-07-27,432.5
2024-07-28,333.9
2024-07-29,487.8
2024-07-30,73.5
2024-07-31,65.3
2024-08-01,198.6
2024-08-02,432.6
2024-08-03,309
2024-08-04,135.6
2024-08-05,97.5
2024-08-06,403.7
2024-08-07,408.9
2024-08-08,140.4
2024-08-09,55.9
2024-08-10,325.7
2024-08-11,74.6
2024-08-12,48.9
2024-08-13,497.8
2024-08-14,149.6
2024-08-15,124.9
2024-08-16,330.1
2024-08-17,417.2
2024-08-18,449.5
2024-08-19,230.8
2024-08-20,357.9
2024-08-21,393.8
2024-08-22,35.6
2024-08-23,241.4
2024-08-24,332.2
2024-08-25,112.1
2024-08-26,142.7
2024-08-27,27.1
2024-08-28,324.7
2024-08-29,128.8
2024-08-30,99.4
2024-08-31,319.7
2024-09-01,229
2024-09-02,394.1
2024-09-03,33.5
2024-09-04,164.6
2024-09-05,242.3
2024-09-06,311.1
2024-09-07,175.7
2024-09-08,307.6
2024-09-09,207.3
2024-09-10,111.7
2024-09-11,410.9
2024-09-12,470
2024-09-13,374.4
2024-09-14,127.4
2024-09-15,475.2
2024-09-16,81.2
2024-09-17,473.2
2024-09-18,78.1
2024-09-19,329.6
2024-09-20,241
2024-09-21,227.5
2024-09-22,69.1
2024-09-23,24.4
2024-09-24,359.8
2024-09-25,401.5
2024-09-26,368.9
2024-09-27,313.3
2024-09-28,319.2
2024-09-29,137.5
2024-09-30,160.7
2024-10-01,177.4
2024-10-02,108.2
2024-10-03,50.3
2024-10-04,165.1
2024-10-05,356.7
2024-10-06,294.1
2024-10-07,276.7
2024-10-08,224
2024-10-09,486.3
2024-10-10,452.4
2024-10-11,102.7
2024-10-12,441.3
2024-10-13,305.4
2024-10-14,408.7
2024-10-15,1.9
2024-10-16,395.9
2024-10-17,484.2
2024-10-18,98
2024-10-19,100
2024-10-20,457.4
2024-10-21,364.2
2024-10-22,249.5
2024-10-23,476.1
2024-10-24,426.1
2024-10-25,254
2024-10-26,174.3
2024-10-27,341.9
2024-10-28,109.1
2024-10-29,440.3
2024-10-30,270.9
2024-10-31,316
2024-11-01,477.7
2024-11-02,424.7
2024-11-03,36.2
2024-11-04,394.1
2024-11-05,440.7
2024-11-06,0.4
2024-11-07,419.7
2024-11-08,200.9
2024-11-09,216.3
2024-11-10,484.3
2024-11-11,316.8
2024-11-12,236.4
2024-11-13,110.6
2024-11-14,242.5
2024-11-15,449.6
2024-11-16,169
2024-11-17,11.4
2024-11-18,110.3
2024-11-19,254.6
2024-11-20,269.7
2024-11-21,12.3
2024-11-22,241.2
2024-11-23,21.5
2024-11-24,116.9
2024-11-25,252.7
2024-11-26,493.8
2024-11-27,111.3
2024-11-28,153.1
2024-11-29,185.8
2024-11-30,119.5
2024-12-01,99.2
2024-12-02,458.8
2024-12-03,91
2024-12-04,187
2024-12-05,163
2024-12-06,10.9
2024-12-07,88.9
2024-12-08,367.3
2024-12-09,376.1
2024-12-10,105.5
2024-12-11,185.4
2024-12-12,175.5
2024-12-13,23.9
2024-12-14,480.8
2024-12-15,36.5
2024-12-16,456.5
2024-12-17,236.4
2024-12-18,133.4
2024-12-19,384.5
2024-12-20,192.7
2024-12-21,389.6
2024-12-22,259.7
2024-12-23,497.2
2024-12-24,281.1
2024-12-25,299.3
2024-12-26,331.4
2024-12-27,164.3
2024-12-28,82.7
2024-12-29,8.3
2024-12-30,202.8
2024-12-31,309.5